{
    "kind": "AdmissionReview",
    "request": {
        "kind": {
            "kind": "Pod",
            "version": "v1"
        },
        "object": {
            "metadata": {
                "name": "myapp"
            },
            "spec": {
                "containers": [
                    {
                        "image": {
                            "name": "o-ran-sc/ric-app-hw",
                            "registry": "nexus3.o-ran-sc.org:10002",
                            "tag": "1.0.6"
                        },
                        "name": "hwxapp"
                    },
                    {
                        "image": {
                            "name": "mysql",
                            "registry": "dockerhub",
                            "tag": "2.0.0"
                        },
                        "name": "mysql-backend"
                    }
                ]
            }
        }
    }
}
